file,line,type,commit,author,date,time,timezone,datetime,depth,length
style.css,1,css,144392a0,two-twentyseven,2026-04-04,23:25:11,-07:00,2026-04-04T23:25:11-07:00,0,4
style.css,2,css,144392a0,two-twentyseven,2026-04-04,23:25:11,-07:00,2026-04-04T23:25:11-07:00,1,43
style.css,3,css,144392a0,two-twentyseven,2026-04-04,23:25:11,-07:00,2026-04-04T23:25:11-07:00,0,42
style.css,4,css,144392a0,two-twentyseven,2026-04-04,23:25:11,-07:00,2026-04-04T23:25:11-07:00,0,0
style.css,5,css,144392a0,two-twentyseven,2026-04-04,23:25:11,-07:00,2026-04-04T23:25:11-07:00,1,23
style.css,6,css,7009d1ed,two-twentyseven,2026-04-11,19:38:28,-07:00,2026-04-11T19:38:28-07:00,1,15
style.css,7,css,7009d1ed,two-twentyseven,2026-04-11,19:38:28,-07:00,2026-04-11T19:38:28-07:00,1,18
style.css,8,css,7009d1ed,two-twentyseven,2026-04-11,19:38:28,-07:00,2026-04-11T19:38:28-07:00,1,12
style.css,9,css,144392a0,two-twentyseven,2026-04-04,23:25:11,-07:00,2026-04-04T23:25:11-07:00,0,0
style.css,10,css,7009d1ed,two-twentyseven,2026-04-11,19:38:28,-07:00,2026-04-11T19:38:28-07:00,0,0
style.css,11,css,11ac2ff9,two-twentyseven,2026-04-18,21:59:15,-07:00,2026-04-18T21:59:15-07:00,0,4
style.css,12,css,11ac2ff9,two-twentyseven,2026-04-18,21:59:15,-07:00,2026-04-18T21:59:15-07:00,1,23
style.css,13,css,11ac2ff9,two-twentyseven,2026-04-18,21:59:15,-07:00,2026-04-18T21:59:15-07:00,0,0
style.css,14,css,11ac2ff9,two-twentyseven,2026-04-18,21:59:15,-07:00,2026-04-18T21:59:15-07:00,0,0
style.css,15,css,7009d1ed,two-twentyseven,2026-04-11,19:38:28,-07:00,2026-04-11T19:38:28-07:00,0,3
style.css,16,css,7009d1ed,two-twentyseven,2026-04-11,19:38:28,-07:00,2026-04-11T19:38:28-07:00,1,12
style.css,17,css,11ac2ff9,two-twentyseven,2026-04-18,21:59:15,-07:00,2026-04-18T21:59:15-07:00,1,39
style.css,18,css,11ac2ff9,two-twentyseven,2026-04-18,21:59:15,-07:00,2026-04-18T21:59:15-07:00,1,39
style.css,19,css,11ac2ff9,two-twentyseven,2026-04-18,21:59:15,-07:00,2026-04-18T21:59:15-07:00,0,0
style.css,20,css,7009d1ed,two-twentyseven,2026-04-11,19:38:28,-07:00,2026-04-11T19:38:28-07:00,0,0
style.css,21,css,7009d1ed,two-twentyseven,2026-04-11,19:38:28,-07:00,2026-04-11T19:38:28-07:00,0,5
style.css,22,css,7009d1ed,two-twentyseven,2026-04-11,19:38:28,-07:00,2026-04-11T19:38:28-07:00,1,5
style.css,23,css,7009d1ed,two-twentyseven,2026-04-11,19:38:28,-07:00,2026-04-11T19:38:28-07:00,1,20
style.css,24,css,7009d1ed,two-twentyseven,2026-04-11,19:38:28,-07:00,2026-04-11T19:38:28-07:00,1,13
style.css,25,css,7009d1ed,two-twentyseven,2026-04-11,19:38:28,-07:00,2026-04-11T19:38:28-07:00,1,17
style.css,26,css,7009d1ed,two-twentyseven,2026-04-11,19:38:28,-07:00,2026-04-11T19:38:28-07:00,1,13
style.css,27,css,7009d1ed,two-twentyseven,2026-04-11,19:38:28,-07:00,2026-04-11T19:38:28-07:00,1,19
style.css,28,css,7009d1ed,two-twentyseven,2026-04-11,19:38:28,-07:00,2026-04-11T19:38:28-07:00,1,23
style.css,29,css,7009d1ed,two-twentyseven,2026-04-11,19:38:28,-07:00,2026-04-11T19:38:28-07:00,1,25
style.css,30,css,7009d1ed,two-twentyseven,2026-04-11,19:38:28,-07:00,2026-04-11T19:38:28-07:00,1,37
style.css,31,css,7009d1ed,two-twentyseven,2026-04-11,19:38:28,-07:00,2026-04-11T19:38:28-07:00,0,0
style.css,32,css,7009d1ed,two-twentyseven,2026-04-11,19:38:28,-07:00,2026-04-11T19:38:28-07:00,0,13
style.css,33,css,7009d1ed,two-twentyseven,2026-04-11,19:38:28,-07:00,2026-04-11T19:38:28-07:00,1,25
style.css,34,css,7009d1ed,two-twentyseven,2026-04-11,19:38:28,-07:00,2026-04-11T19:38:28-07:00,1,16
style.css,35,css,7009d1ed,two-twentyseven,2026-04-11,19:38:28,-07:00,2026-04-11T19:38:28-07:00,1,20
style.css,36,css,7009d1ed,two-twentyseven,2026-04-11,19:38:28,-07:00,2026-04-11T19:38:28-07:00,1,0
style.css,37,css,7009d1ed,two-twentyseven,2026-04-11,19:38:28,-07:00,2026-04-11T19:38:28-07:00,0,0
style.css,38,css,7009d1ed,two-twentyseven,2026-04-11,19:38:28,-07:00,2026-04-11T19:38:28-07:00,0,4
style.css,39,css,7009d1ed,two-twentyseven,2026-04-11,19:38:28,-07:00,2026-04-11T19:38:28-07:00,1,22
style.css,40,css,7009d1ed,two-twentyseven,2026-04-11,19:38:28,-07:00,2026-04-11T19:38:28-07:00,1,32
style.css,41,css,7009d1ed,two-twentyseven,2026-04-11,19:38:28,-07:00,2026-04-11T19:38:28-07:00,0,0
style.css,42,css,7009d1ed,two-twentyseven,2026-04-11,19:38:28,-07:00,2026-04-11T19:38:28-07:00,0,7
style.css,43,css,7009d1ed,two-twentyseven,2026-04-11,19:38:28,-07:00,2026-04-11T19:38:28-07:00,1,25
style.css,44,css,7009d1ed,two-twentyseven,2026-04-11,19:38:28,-07:00,2026-04-11T19:38:28-07:00,1,39
style.css,45,css,7009d1ed,two-twentyseven,2026-04-11,19:38:28,-07:00,2026-04-11T19:38:28-07:00,1,25
style.css,46,css,7009d1ed,two-twentyseven,2026-04-11,19:38:28,-07:00,2026-04-11T19:38:28-07:00,0,0
style.css,47,css,7009d1ed,two-twentyseven,2026-04-11,19:38:28,-07:00,2026-04-11T19:38:28-07:00,0,4
style.css,48,css,7009d1ed,two-twentyseven,2026-04-11,19:38:28,-07:00,2026-04-11T19:38:28-07:00,1,11
style.css,49,css,7009d1ed,two-twentyseven,2026-04-11,19:38:28,-07:00,2026-04-11T19:38:28-07:00,1,30
style.css,50,css,7009d1ed,two-twentyseven,2026-04-11,19:38:28,-07:00,2026-04-11T19:38:28-07:00,1,7
style.css,51,css,7009d1ed,two-twentyseven,2026-04-11,19:38:28,-07:00,2026-04-11T19:38:28-07:00,0,0
style.css,52,css,7009d1ed,two-twentyseven,2026-04-11,19:38:28,-07:00,2026-04-11T19:38:28-07:00,0,5
style.css,53,css,7009d1ed,two-twentyseven,2026-04-11,19:38:28,-07:00,2026-04-11T19:38:28-07:00,1,12
style.css,54,css,7009d1ed,two-twentyseven,2026-04-11,19:38:28,-07:00,2026-04-11T19:38:28-07:00,1,29
style.css,55,css,7009d1ed,two-twentyseven,2026-04-11,19:38:28,-07:00,2026-04-11T19:38:28-07:00,1,18
style.css,56,css,7009d1ed,two-twentyseven,2026-04-11,19:38:28,-07:00,2026-04-11T19:38:28-07:00,0,0
style.css,57,css,11ac2ff9,two-twentyseven,2026-04-18,21:59:15,-07:00,2026-04-18T21:59:15-07:00,0,0
style.css,58,css,11ac2ff9,two-twentyseven,2026-04-18,21:59:15,-07:00,2026-04-18T21:59:15-07:00,0,18
style.css,59,css,11ac2ff9,two-twentyseven,2026-04-18,21:59:15,-07:00,2026-04-18T21:59:15-07:00,1,17
style.css,60,css,11ac2ff9,two-twentyseven,2026-04-18,21:59:15,-07:00,2026-04-18T21:59:15-07:00,1,8
style.css,61,css,11ac2ff9,two-twentyseven,2026-04-18,21:59:15,-07:00,2026-04-18T21:59:15-07:00,1,10
style.css,62,css,11ac2ff9,two-twentyseven,2026-04-18,21:59:15,-07:00,2026-04-18T21:59:15-07:00,1,13
style.css,63,css,11ac2ff9,two-twentyseven,2026-04-18,21:59:15,-07:00,2026-04-18T21:59:15-07:00,0,0
style.css,64,css,11ac2ff9,two-twentyseven,2026-04-18,21:59:15,-07:00,2026-04-18T21:59:15-07:00,0,0
style.css,65,css,7009d1ed,two-twentyseven,2026-04-11,19:38:28,-07:00,2026-04-11T19:38:28-07:00,0,9
style.css,66,css,7009d1ed,two-twentyseven,2026-04-11,19:38:28,-07:00,2026-04-11T19:38:28-07:00,1,12
style.css,67,css,7009d1ed,two-twentyseven,2026-04-11,19:38:28,-07:00,2026-04-11T19:38:28-07:00,1,58
style.css,68,css,7009d1ed,two-twentyseven,2026-04-11,19:38:28,-07:00,2026-04-11T19:38:28-07:00,1,7
style.css,69,css,7009d1ed,two-twentyseven,2026-04-11,19:38:28,-07:00,2026-04-11T19:38:28-07:00,0,0
style.css,70,css,7009d1ed,two-twentyseven,2026-04-11,19:38:28,-07:00,2026-04-11T19:38:28-07:00,0,7
style.css,71,css,7009d1ed,two-twentyseven,2026-04-11,19:38:28,-07:00,2026-04-11T19:38:28-07:00,1,12
style.css,72,css,7009d1ed,two-twentyseven,2026-04-11,19:38:28,-07:00,2026-04-11T19:38:28-07:00,1,26
style.css,73,css,7009d1ed,two-twentyseven,2026-04-11,19:38:28,-07:00,2026-04-11T19:38:28-07:00,1,15
style.css,74,css,7009d1ed,two-twentyseven,2026-04-11,19:38:28,-07:00,2026-04-11T19:38:28-07:00,1,7
style.css,75,css,7009d1ed,two-twentyseven,2026-04-11,19:38:28,-07:00,2026-04-11T19:38:28-07:00,0,0
style.css,76,css,7009d1ed,two-twentyseven,2026-04-11,19:38:28,-07:00,2026-04-11T19:38:28-07:00,0,2
style.css,77,css,7009d1ed,two-twentyseven,2026-04-11,19:38:28,-07:00,2026-04-11T19:38:28-07:00,1,13
style.css,78,css,7009d1ed,two-twentyseven,2026-04-11,19:38:28,-07:00,2026-04-11T19:38:28-07:00,0,0
style.css,79,css,7009d1ed,two-twentyseven,2026-04-11,19:38:28,-07:00,2026-04-11T19:38:28-07:00,0,2
style.css,80,css,7009d1ed,two-twentyseven,2026-04-11,19:38:28,-07:00,2026-04-11T19:38:28-07:00,1,8
style.css,81,css,7009d1ed,two-twentyseven,2026-04-11,19:38:28,-07:00,2026-04-11T19:38:28-07:00,0,0
style.css,82,css,7009d1ed,two-twentyseven,2026-04-11,19:38:28,-07:00,2026-04-11T19:38:28-07:00,0,22
style.css,83,css,7009d1ed,two-twentyseven,2026-04-11,19:38:28,-07:00,2026-04-11T19:38:28-07:00,1,15
style.css,84,css,7009d1ed,two-twentyseven,2026-04-11,19:38:28,-07:00,2026-04-11T19:38:28-07:00,1,17
style.css,85,css,7009d1ed,two-twentyseven,2026-04-11,19:38:28,-07:00,2026-04-11T19:38:28-07:00,0,0
style.css,86,css,7009d1ed,two-twentyseven,2026-04-11,19:38:28,-07:00,2026-04-11T19:38:28-07:00,0,1
style.css,87,css,7009d1ed,two-twentyseven,2026-04-11,19:38:28,-07:00,2026-04-11T19:38:28-07:00,1,20
style.css,88,css,7009d1ed,two-twentyseven,2026-04-11,19:38:28,-07:00,2026-04-11T19:38:28-07:00,1,13
style.css,89,css,7009d1ed,two-twentyseven,2026-04-11,19:38:28,-07:00,2026-04-11T19:38:28-07:00,0,0
style.css,90,css,7009d1ed,two-twentyseven,2026-04-11,19:38:28,-07:00,2026-04-11T19:38:28-07:00,0,7
style.css,91,css,7009d1ed,two-twentyseven,2026-04-11,19:38:28,-07:00,2026-04-11T19:38:28-07:00,1,16
style.css,92,css,7009d1ed,two-twentyseven,2026-04-11,19:38:28,-07:00,2026-04-11T19:38:28-07:00,1,30
style.css,93,css,7009d1ed,two-twentyseven,2026-04-11,19:38:28,-07:00,2026-04-11T19:38:28-07:00,0,0
style.css,94,css,7009d1ed,two-twentyseven,2026-04-11,19:38:28,-07:00,2026-04-11T19:38:28-07:00,0,11
style.css,95,css,7009d1ed,two-twentyseven,2026-04-11,19:38:28,-07:00,2026-04-11T19:38:28-07:00,1,17
style.css,96,css,7009d1ed,two-twentyseven,2026-04-11,19:38:28,-07:00,2026-04-11T19:38:28-07:00,0,0
style.css,97,css,7009d1ed,two-twentyseven,2026-04-11,19:38:28,-07:00,2026-04-11T19:38:28-07:00,0,18
style.css,98,css,7009d1ed,two-twentyseven,2026-04-11,19:38:28,-07:00,2026-04-11T19:38:28-07:00,1,8
style.css,99,css,7009d1ed,two-twentyseven,2026-04-11,19:38:28,-07:00,2026-04-11T19:38:28-07:00,1,16
style.css,100,css,7009d1ed,two-twentyseven,2026-04-11,19:38:28,-07:00,2026-04-11T19:38:28-07:00,1,23
style.css,101,css,7009d1ed,two-twentyseven,2026-04-11,19:38:28,-07:00,2026-04-11T19:38:28-07:00,0,0
style.css,102,css,7009d1ed,two-twentyseven,2026-04-11,19:38:28,-07:00,2026-04-11T19:38:28-07:00,0,19
style.css,103,css,7009d1ed,two-twentyseven,2026-04-11,19:38:28,-07:00,2026-04-11T19:38:28-07:00,1,8
style.css,104,css,7009d1ed,two-twentyseven,2026-04-11,19:38:28,-07:00,2026-04-11T19:38:28-07:00,0,0
style.css,105,css,7009d1ed,two-twentyseven,2026-04-11,19:38:28,-07:00,2026-04-11T19:38:28-07:00,0,7
style.css,106,css,7009d1ed,two-twentyseven,2026-04-11,19:38:28,-07:00,2026-04-11T19:38:28-07:00,1,19
style.css,107,css,7009d1ed,two-twentyseven,2026-04-11,19:38:28,-07:00,2026-04-11T19:38:28-07:00,0,0
style.css,108,css,7009d1ed,two-twentyseven,2026-04-11,19:38:28,-07:00,2026-04-11T19:38:28-07:00,0,16
style.css,109,css,7009d1ed,two-twentyseven,2026-04-11,19:38:28,-07:00,2026-04-11T19:38:28-07:00,1,11
style.css,110,css,7009d1ed,two-twentyseven,2026-04-11,19:38:28,-07:00,2026-04-11T19:38:28-07:00,1,11
style.css,111,css,7009d1ed,two-twentyseven,2026-04-11,19:38:28,-07:00,2026-04-11T19:38:28-07:00,1,10
style.css,112,css,7009d1ed,two-twentyseven,2026-04-11,19:38:28,-07:00,2026-04-11T19:38:28-07:00,1,15
style.css,113,css,7009d1ed,two-twentyseven,2026-04-11,19:38:28,-07:00,2026-04-11T19:38:28-07:00,1,19
style.css,114,css,7009d1ed,two-twentyseven,2026-04-11,19:38:28,-07:00,2026-04-11T19:38:28-07:00,1,18
style.css,115,css,7009d1ed,two-twentyseven,2026-04-11,19:38:28,-07:00,2026-04-11T19:38:28-07:00,1,39
style.css,116,css,7009d1ed,two-twentyseven,2026-04-11,19:38:28,-07:00,2026-04-11T19:38:28-07:00,1,28
style.css,117,css,7009d1ed,two-twentyseven,2026-04-11,19:38:28,-07:00,2026-04-11T19:38:28-07:00,1,15
style.css,118,css,7009d1ed,two-twentyseven,2026-04-11,19:38:28,-07:00,2026-04-11T19:38:28-07:00,0,0
style.css,119,css,7009d1ed,two-twentyseven,2026-04-11,19:38:28,-07:00,2026-04-11T19:38:28-07:00,0,19
style.css,120,css,7009d1ed,two-twentyseven,2026-04-11,19:38:28,-07:00,2026-04-11T19:38:28-07:00,1,19
style.css,121,css,7009d1ed,two-twentyseven,2026-04-11,19:38:28,-07:00,2026-04-11T19:38:28-07:00,1,13
style.css,122,css,7009d1ed,two-twentyseven,2026-04-11,19:38:28,-07:00,2026-04-11T19:38:28-07:00,1,24
style.css,123,css,7009d1ed,two-twentyseven,2026-04-11,19:38:28,-07:00,2026-04-11T19:38:28-07:00,1,21
style.css,124,css,7009d1ed,two-twentyseven,2026-04-11,19:38:28,-07:00,2026-04-11T19:38:28-07:00,0,0
style.css,125,css,7009d1ed,two-twentyseven,2026-04-11,19:38:28,-07:00,2026-04-11T19:38:28-07:00,0,19
style.css,126,css,7009d1ed,two-twentyseven,2026-04-11,19:38:28,-07:00,2026-04-11T19:38:28-07:00,1,8
style.css,127,css,7009d1ed,two-twentyseven,2026-04-11,19:38:28,-07:00,2026-04-11T19:38:28-07:00,1,18
style.css,128,css,7009d1ed,two-twentyseven,2026-04-11,19:38:28,-07:00,2026-04-11T19:38:28-07:00,0,0
style.css,129,css,7009d1ed,two-twentyseven,2026-04-11,19:38:28,-07:00,2026-04-11T19:38:28-07:00,0,22
style.css,130,css,7009d1ed,two-twentyseven,2026-04-11,19:38:28,-07:00,2026-04-11T19:38:28-07:00,1,19
style.css,131,css,7009d1ed,two-twentyseven,2026-04-11,19:38:28,-07:00,2026-04-11T19:38:28-07:00,0,0
style.css,132,css,11ac2ff9,two-twentyseven,2026-04-18,21:59:15,-07:00,2026-04-18T21:59:15-07:00,0,31
style.css,133,css,11ac2ff9,two-twentyseven,2026-04-18,21:59:15,-07:00,2026-04-18T21:59:15-07:00,1,19
style.css,134,css,11ac2ff9,two-twentyseven,2026-04-18,21:59:15,-07:00,2026-04-18T21:59:15-07:00,0,0
style.css,135,css,609f761c,two-twentyseven,2026-05-01,22:04:31,-07:00,2026-05-01T22:04:31-07:00,0,18
style.css,136,css,609f761c,two-twentyseven,2026-05-01,22:04:31,-07:00,2026-05-01T22:04:31-07:00,1,14
style.css,137,css,609f761c,two-twentyseven,2026-05-01,22:04:31,-07:00,2026-05-01T22:04:31-07:00,1,16
style.css,138,css,609f761c,two-twentyseven,2026-05-01,22:04:31,-07:00,2026-05-01T22:04:31-07:00,0,0
style.css,139,css,609f761c,two-twentyseven,2026-05-01,22:04:31,-07:00,2026-05-01T22:04:31-07:00,1,16
style.css,140,css,609f761c,two-twentyseven,2026-05-01,22:04:31,-07:00,2026-05-01T22:04:31-07:00,0,0
style.css,141,css,609f761c,two-twentyseven,2026-05-01,22:04:31,-07:00,2026-05-01T22:04:31-07:00,0,7
style.css,142,css,609f761c,two-twentyseven,2026-05-01,22:04:31,-07:00,2026-05-01T22:04:31-07:00,1,12
style.css,143,css,609f761c,two-twentyseven,2026-05-01,22:04:31,-07:00,2026-05-01T22:04:31-07:00,1,57
style.css,144,css,609f761c,two-twentyseven,2026-05-01,22:04:31,-07:00,2026-05-01T22:04:31-07:00,1,7
style.css,145,css,609f761c,two-twentyseven,2026-05-01,22:04:31,-07:00,2026-05-01T22:04:31-07:00,1,11
style.css,146,css,609f761c,two-twentyseven,2026-05-01,22:04:31,-07:00,2026-05-01T22:04:31-07:00,1,12
style.css,147,css,609f761c,two-twentyseven,2026-05-01,22:04:31,-07:00,2026-05-01T22:04:31-07:00,1,36
style.css,148,css,609f761c,two-twentyseven,2026-05-01,22:04:31,-07:00,2026-05-01T22:04:31-07:00,1,17
style.css,149,css,609f761c,two-twentyseven,2026-05-01,22:04:31,-07:00,2026-05-01T22:04:31-07:00,1,15
style.css,150,css,609f761c,two-twentyseven,2026-05-01,22:04:31,-07:00,2026-05-01T22:04:31-07:00,0,0
style.css,151,css,609f761c,two-twentyseven,2026-05-01,22:04:31,-07:00,2026-05-01T22:04:31-07:00,0,0
style.css,152,css,609f761c,two-twentyseven,2026-05-01,22:04:31,-07:00,2026-05-01T22:04:31-07:00,0,12
style.css,153,css,609f761c,two-twentyseven,2026-05-01,22:04:31,-07:00,2026-05-01T22:04:31-07:00,1,12
style.css,154,css,609f761c,two-twentyseven,2026-05-01,22:04:31,-07:00,2026-05-01T22:04:31-07:00,1,18
style.css,155,css,609f761c,two-twentyseven,2026-05-01,22:04:31,-07:00,2026-05-01T22:04:31-07:00,1,9
style.css,156,css,609f761c,two-twentyseven,2026-05-01,22:04:31,-07:00,2026-05-01T22:04:31-07:00,1,15
style.css,157,css,609f761c,two-twentyseven,2026-05-01,22:04:31,-07:00,2026-05-01T22:04:31-07:00,0,0
style.css,158,css,609f761c,two-twentyseven,2026-05-01,22:04:31,-07:00,2026-05-01T22:04:31-07:00,0,0
style.css,159,css,609f761c,two-twentyseven,2026-05-01,22:04:31,-07:00,2026-05-01T22:04:31-07:00,0,7
style.css,160,css,609f761c,two-twentyseven,2026-05-01,22:04:31,-07:00,2026-05-01T22:04:31-07:00,1,20
style.css,161,css,609f761c,two-twentyseven,2026-05-01,22:04:31,-07:00,2026-05-01T22:04:31-07:00,1,9
style.css,162,css,609f761c,two-twentyseven,2026-05-01,22:04:31,-07:00,2026-05-01T22:04:31-07:00,1,18
style.css,163,css,609f761c,two-twentyseven,2026-05-01,22:04:31,-07:00,2026-05-01T22:04:31-07:00,1,29
style.css,164,css,609f761c,two-twentyseven,2026-05-01,22:04:31,-07:00,2026-05-01T22:04:31-07:00,1,17
style.css,165,css,609f761c,two-twentyseven,2026-05-01,22:04:31,-07:00,2026-05-01T22:04:31-07:00,1,13
style.css,166,css,609f761c,two-twentyseven,2026-05-01,22:04:31,-07:00,2026-05-01T22:04:31-07:00,0,0
style.css,167,css,609f761c,two-twentyseven,2026-05-01,22:04:31,-07:00,2026-05-01T22:04:31-07:00,0,16
style.css,168,css,609f761c,two-twentyseven,2026-05-01,22:04:31,-07:00,2026-05-01T22:04:31-07:00,1,12
style.css,169,css,609f761c,two-twentyseven,2026-05-01,22:04:31,-07:00,2026-05-01T22:04:31-07:00,1,18
style.css,170,css,609f761c,two-twentyseven,2026-05-01,22:04:31,-07:00,2026-05-01T22:04:31-07:00,1,7
style.css,171,css,609f761c,two-twentyseven,2026-05-01,22:04:31,-07:00,2026-05-01T22:04:31-07:00,1,12
style.css,172,css,609f761c,two-twentyseven,2026-05-01,22:04:31,-07:00,2026-05-01T22:04:31-07:00,0,0
style.css,173,css,609f761c,two-twentyseven,2026-05-01,22:04:31,-07:00,2026-05-01T22:04:31-07:00,0,0
style.css,174,css,609f761c,two-twentyseven,2026-05-01,22:04:31,-07:00,2026-05-01T22:04:31-07:00,0,20
style.css,175,css,609f761c,two-twentyseven,2026-05-01,22:04:31,-07:00,2026-05-01T22:04:31-07:00,1,13
style.css,176,css,609f761c,two-twentyseven,2026-05-01,22:04:31,-07:00,2026-05-01T22:04:31-07:00,1,16
style.css,177,css,609f761c,two-twentyseven,2026-05-01,22:04:31,-07:00,2026-05-01T22:04:31-07:00,0,0
style.css,178,css,609f761c,two-twentyseven,2026-05-01,22:04:31,-07:00,2026-05-01T22:04:31-07:00,0,0
style.css,179,css,609f761c,two-twentyseven,2026-05-01,22:04:31,-07:00,2026-05-01T22:04:31-07:00,0,7
style.css,180,css,609f761c,two-twentyseven,2026-05-01,22:04:31,-07:00,2026-05-01T22:04:31-07:00,1,6
style.css,181,css,609f761c,two-twentyseven,2026-05-01,22:04:31,-07:00,2026-05-01T22:04:31-07:00,0,0
style.css,182,css,609f761c,two-twentyseven,2026-05-01,22:04:31,-07:00,2026-05-01T22:04:31-07:00,0,17
style.css,183,css,609f761c,two-twentyseven,2026-05-01,22:04:31,-07:00,2026-05-01T22:04:31-07:00,1,16
style.css,184,css,609f761c,two-twentyseven,2026-05-01,22:04:31,-07:00,2026-05-01T22:04:31-07:00,2,16
style.css,185,css,609f761c,two-twentyseven,2026-05-01,22:04:31,-07:00,2026-05-01T22:04:31-07:00,2,11
style.css,186,css,609f761c,two-twentyseven,2026-05-01,22:04:31,-07:00,2026-05-01T22:04:31-07:00,1,0
style.css,187,css,609f761c,two-twentyseven,2026-05-01,22:04:31,-07:00,2026-05-01T22:04:31-07:00,0,0
style.css,188,css,609f761c,two-twentyseven,2026-05-01,22:04:31,-07:00,2026-05-01T22:04:31-07:00,0,9
style.css,189,css,609f761c,two-twentyseven,2026-05-01,22:04:31,-07:00,2026-05-01T22:04:31-07:00,1,35
style.css,190,css,609f761c,two-twentyseven,2026-05-01,22:04:31,-07:00,2026-05-01T22:04:31-07:00,0,0
style.css,191,css,609f761c,two-twentyseven,2026-05-01,22:04:31,-07:00,2026-05-01T22:04:31-07:00,1,10
style.css,192,css,609f761c,two-twentyseven,2026-05-01,22:04:31,-07:00,2026-05-01T22:04:31-07:00,2,17
style.css,193,css,609f761c,two-twentyseven,2026-05-01,22:04:31,-07:00,2026-05-01T22:04:31-07:00,1,0
style.css,194,css,609f761c,two-twentyseven,2026-05-01,22:04:31,-07:00,2026-05-01T22:04:31-07:00,0,0
style.css,195,css,609f761c,two-twentyseven,2026-05-01,22:04:31,-07:00,2026-05-01T22:04:31-07:00,0,0
style.css,196,css,609f761c,two-twentyseven,2026-05-01,22:04:31,-07:00,2026-05-01T22:04:31-07:00,0,4
style.css,197,css,609f761c,two-twentyseven,2026-05-01,22:04:31,-07:00,2026-05-01T22:04:31-07:00,1,14
style.css,198,css,609f761c,two-twentyseven,2026-05-01,22:04:31,-07:00,2026-05-01T22:04:31-07:00,0,0
index.js,1,js,b702473d,two-twentyseven,2026-04-25,22:47:56,-07:00,2026-04-25T22:47:56-07:00,0,70
index.js,2,js,b702473d,two-twentyseven,2026-04-25,22:47:56,-07:00,2026-04-25T22:47:56-07:00,0,54
index.js,3,js,b702473d,two-twentyseven,2026-04-25,22:47:56,-07:00,2026-04-25T22:47:56-07:00,0,42
index.js,4,js,b702473d,two-twentyseven,2026-04-25,22:47:56,-07:00,2026-04-25T22:47:56-07:00,0,60
index.js,5,js,b702473d,two-twentyseven,2026-04-25,22:47:56,-07:00,2026-04-25T22:47:56-07:00,0,54
index.js,6,js,4a3e69ed,two-twentyseven,2026-05-01,21:00:43,-07:00,2026-05-01T21:00:43-07:00,0,58
index.js,7,js,b702473d,two-twentyseven,2026-04-25,22:47:56,-07:00,2026-04-25T22:47:56-07:00,0,60
index.js,8,js,b702473d,two-twentyseven,2026-04-25,22:47:56,-07:00,2026-04-25T22:47:56-07:00,0,0
index.js,9,js,b702473d,two-twentyseven,2026-04-25,22:47:56,-07:00,2026-04-25T22:47:56-07:00,0,17
index.js,10,js,b702473d,two-twentyseven,2026-04-25,22:47:56,-07:00,2026-04-25T22:47:56-07:00,1,24
index.js,11,js,b702473d,two-twentyseven,2026-04-25,22:47:56,-07:00,2026-04-25T22:47:56-07:00,2,2
index.js,12,js,b702473d,two-twentyseven,2026-04-25,22:47:56,-07:00,2026-04-25T22:47:56-07:00,3,55
index.js,13,js,b702473d,two-twentyseven,2026-04-25,22:47:56,-07:00,2026-04-25T22:47:56-07:00,3,55
index.js,14,js,b702473d,two-twentyseven,2026-04-25,22:47:56,-07:00,2026-04-25T22:47:56-07:00,3,49
index.js,15,js,b702473d,two-twentyseven,2026-04-25,22:47:56,-07:00,2026-04-25T22:47:56-07:00,3,49
index.js,16,js,b702473d,two-twentyseven,2026-04-25,22:47:56,-07:00,2026-04-25T22:47:56-07:00,2,3
index.js,17,js,b702473d,two-twentyseven,2026-04-25,22:47:56,-07:00,2026-04-25T22:47:56-07:00,1,0
index.js,18,js,b702473d,two-twentyseven,2026-04-25,22:47:56,-07:00,2026-04-25T22:47:56-07:00,0,0
index.html,1,html,df236efe,two-twentyseven,2026-04-04,19:10:14,-07:00,2026-04-04T19:10:14-07:00,0,13
index.html,2,html,df236efe,two-twentyseven,2026-04-04,19:10:14,-07:00,2026-04-04T19:10:14-07:00,0,14
index.html,3,html,df236efe,two-twentyseven,2026-04-04,19:10:14,-07:00,2026-04-04T19:10:14-07:00,0,4
index.html,4,html,df236efe,two-twentyseven,2026-04-04,19:10:14,-07:00,2026-04-04T19:10:14-07:00,2,20
index.html,5,html,df236efe,two-twentyseven,2026-04-04,19:10:14,-07:00,2026-04-04T19:10:14-07:00,2,68
index.html,6,html,df236efe,two-twentyseven,2026-04-04,19:10:14,-07:00,2026-04-04T19:10:14-07:00,2,54
index.html,7,html,144392a0,two-twentyseven,2026-04-04,23:25:11,-07:00,2026-04-04T23:25:11-07:00,2,38
index.html,8,html,5b507f13,two-twentyseven,2026-04-18,22:22:28,-07:00,2026-04-18T22:22:28-07:00,2,45
index.html,9,html,b702473d,two-twentyseven,2026-04-25,22:47:56,-07:00,2026-04-25T22:47:56-07:00,2,50
index.html,10,html,df236efe,two-twentyseven,2026-04-04,19:10:14,-07:00,2026-04-04T19:10:14-07:00,0,5
index.html,11,html,df236efe,two-twentyseven,2026-04-04,19:10:14,-07:00,2026-04-04T19:10:14-07:00,0,4
index.html,12,html,7009d1ed,two-twentyseven,2026-04-11,19:38:28,-07:00,2026-04-11T19:38:28-07:00,2,19
index.html,13,html,7009d1ed,two-twentyseven,2026-04-11,19:38:28,-07:00,2026-04-11T19:38:28-07:00,2,91
index.html,14,html,7009d1ed,two-twentyseven,2026-04-11,19:38:28,-07:00,2026-04-11T19:38:28-07:00,4,102
index.html,15,html,7009d1ed,two-twentyseven,2026-04-11,19:38:28,-07:00,2026-04-11T19:38:28-07:00,4,41
index.html,16,html,7009d1ed,two-twentyseven,2026-04-11,19:38:28,-07:00,2026-04-11T19:38:28-07:00,2,2
index.html,17,html,7009d1ed,two-twentyseven,2026-04-11,19:38:28,-07:00,2026-04-11T19:38:28-07:00,2,80
index.html,18,html,b702473d,two-twentyseven,2026-04-25,22:47:56,-07:00,2026-04-25T22:47:56-07:00,2,22
index.html,19,html,b702473d,two-twentyseven,2026-04-25,22:47:56,-07:00,2026-04-25T22:47:56-07:00,2,26
index.html,20,html,b702473d,two-twentyseven,2026-04-25,22:47:56,-07:00,2026-04-25T22:47:56-07:00,2,28
index.html,21,html,b702473d,two-twentyseven,2026-04-25,22:47:56,-07:00,2026-04-25T22:47:56-07:00,0,0
index.html,22,html,df236efe,two-twentyseven,2026-04-04,19:10:14,-07:00,2026-04-04T19:10:14-07:00,0,5
index.html,23,html,df236efe,two-twentyseven,2026-04-04,19:10:14,-07:00,2026-04-04T19:10:14-07:00,0,5
global.js,1,js,11ac2ff9,two-twentyseven,2026-04-18,21:59:15,-07:00,2026-04-18T21:59:15-07:00,0,25
global.js,2,js,11ac2ff9,two-twentyseven,2026-04-18,21:59:15,-07:00,2026-04-18T21:59:15-07:00,0,0
global.js,3,js,11ac2ff9,two-twentyseven,2026-04-18,21:59:15,-07:00,2026-04-18T21:59:15-07:00,0,41
global.js,4,js,11ac2ff9,two-twentyseven,2026-04-18,21:59:15,-07:00,2026-04-18T21:59:15-07:00,1,52
global.js,5,js,11ac2ff9,two-twentyseven,2026-04-18,21:59:15,-07:00,2026-04-18T21:59:15-07:00,0,0
global.js,6,js,11ac2ff9,two-twentyseven,2026-04-18,21:59:15,-07:00,2026-04-18T21:59:15-07:00,0,0
global.js,7,js,11ac2ff9,two-twentyseven,2026-04-18,21:59:15,-07:00,2026-04-18T21:59:15-07:00,0,11
global.js,8,js,11ac2ff9,two-twentyseven,2026-04-18,21:59:15,-07:00,2026-04-18T21:59:15-07:00,0,88
global.js,9,js,11ac2ff9,two-twentyseven,2026-04-18,21:59:15,-07:00,2026-04-18T21:59:15-07:00,1,3
global.js,10,js,af6cccb5,two-twentyseven,2026-04-18,22:11:33,-07:00,2026-04-18T22:11:33-07:00,1,14
global.js,11,js,11ac2ff9,two-twentyseven,2026-04-18,21:59:15,-07:00,2026-04-18T21:59:15-07:00,0,0
global.js,12,js,11ac2ff9,two-twentyseven,2026-04-18,21:59:15,-07:00,2026-04-18T21:59:15-07:00,0,11
global.js,13,js,11ac2ff9,two-twentyseven,2026-04-18,21:59:15,-07:00,2026-04-18T21:59:15-07:00,1,25
global.js,14,js,11ac2ff9,two-twentyseven,2026-04-18,21:59:15,-07:00,2026-04-18T21:59:15-07:00,1,38
global.js,15,js,11ac2ff9,two-twentyseven,2026-04-18,21:59:15,-07:00,2026-04-18T21:59:15-07:00,1,36
global.js,16,js,11ac2ff9,two-twentyseven,2026-04-18,21:59:15,-07:00,2026-04-18T21:59:15-07:00,1,34
global.js,17,js,11ac2ff9,two-twentyseven,2026-04-18,21:59:15,-07:00,2026-04-18T21:59:15-07:00,1,61
global.js,18,js,11ac2ff9,two-twentyseven,2026-04-18,21:59:15,-07:00,2026-04-18T21:59:15-07:00,0,0
global.js,19,js,11ac2ff9,two-twentyseven,2026-04-18,21:59:15,-07:00,2026-04-18T21:59:15-07:00,0,0
global.js,20,js,11ac2ff9,two-twentyseven,2026-04-18,21:59:15,-07:00,2026-04-18T21:59:15-07:00,0,38
global.js,21,js,11ac2ff9,two-twentyseven,2026-04-18,21:59:15,-07:00,2026-04-18T21:59:15-07:00,0,25
global.js,22,js,11ac2ff9,two-twentyseven,2026-04-18,21:59:15,-07:00,2026-04-18T21:59:15-07:00,0,0
global.js,23,js,11ac2ff9,two-twentyseven,2026-04-18,21:59:15,-07:00,2026-04-18T21:59:15-07:00,0,20
global.js,24,js,11ac2ff9,two-twentyseven,2026-04-18,21:59:15,-07:00,2026-04-18T21:59:15-07:00,1,14
global.js,25,js,11ac2ff9,two-twentyseven,2026-04-18,21:59:15,-07:00,2026-04-18T21:59:15-07:00,1,28
global.js,26,js,11ac2ff9,two-twentyseven,2026-04-18,21:59:15,-07:00,2026-04-18T21:59:15-07:00,2,20
global.js,27,js,11ac2ff9,two-twentyseven,2026-04-18,21:59:15,-07:00,2026-04-18T21:59:15-07:00,1,0
global.js,28,js,11ac2ff9,two-twentyseven,2026-04-18,21:59:15,-07:00,2026-04-18T21:59:15-07:00,1,34
global.js,29,js,11ac2ff9,two-twentyseven,2026-04-18,21:59:15,-07:00,2026-04-18T21:59:15-07:00,1,11
global.js,30,js,11ac2ff9,two-twentyseven,2026-04-18,21:59:15,-07:00,2026-04-18T21:59:15-07:00,1,22
global.js,31,js,11ac2ff9,two-twentyseven,2026-04-18,21:59:15,-07:00,2026-04-18T21:59:15-07:00,1,29
global.js,32,js,11ac2ff9,two-twentyseven,2026-04-18,21:59:15,-07:00,2026-04-18T21:59:15-07:00,2,18
global.js,33,js,11ac2ff9,two-twentyseven,2026-04-18,21:59:15,-07:00,2026-04-18T21:59:15-07:00,1,0
global.js,34,js,11ac2ff9,two-twentyseven,2026-04-18,21:59:15,-07:00,2026-04-18T21:59:15-07:00,1,65
global.js,35,js,11ac2ff9,two-twentyseven,2026-04-18,21:59:15,-07:00,2026-04-18T21:59:15-07:00,2,25
global.js,36,js,11ac2ff9,two-twentyseven,2026-04-18,21:59:15,-07:00,2026-04-18T21:59:15-07:00,1,0
global.js,37,js,11ac2ff9,two-twentyseven,2026-04-18,21:59:15,-07:00,2026-04-18T21:59:15-07:00,1,12
global.js,38,js,11ac2ff9,two-twentyseven,2026-04-18,21:59:15,-07:00,2026-04-18T21:59:15-07:00,0,0
global.js,39,js,11ac2ff9,two-twentyseven,2026-04-18,21:59:15,-07:00,2026-04-18T21:59:15-07:00,0,0
global.js,40,js,11ac2ff9,two-twentyseven,2026-04-18,21:59:15,-07:00,2026-04-18T21:59:15-07:00,0,22
global.js,41,js,11ac2ff9,two-twentyseven,2026-04-18,21:59:15,-07:00,2026-04-18T21:59:15-07:00,0,31
global.js,42,js,11ac2ff9,two-twentyseven,2026-04-18,21:59:15,-07:00,2026-04-18T21:59:15-07:00,1,11
global.js,43,js,11ac2ff9,two-twentyseven,2026-04-18,21:59:15,-07:00,2026-04-18T21:59:15-07:00,1,0
global.js,44,js,11ac2ff9,two-twentyseven,2026-04-18,21:59:15,-07:00,2026-04-18T21:59:15-07:00,1,26
global.js,45,js,11ac2ff9,two-twentyseven,2026-04-18,21:59:15,-07:00,2026-04-18T21:59:15-07:00,2,4
global.js,46,js,11ac2ff9,two-twentyseven,2026-04-18,21:59:15,-07:00,2026-04-18T21:59:15-07:00,2,6
global.js,47,js,11ac2ff9,two-twentyseven,2026-04-18,21:59:15,-07:00,2026-04-18T21:59:15-07:00,3,43
global.js,48,js,11ac2ff9,two-twentyseven,2026-04-18,21:59:15,-07:00,2026-04-18T21:59:15-07:00,3,34
global.js,49,js,11ac2ff9,two-twentyseven,2026-04-18,21:59:15,-07:00,2026-04-18T21:59:15-07:00,3,32
global.js,50,js,11ac2ff9,two-twentyseven,2026-04-18,21:59:15,-07:00,2026-04-18T21:59:15-07:00,2,7
global.js,51,js,11ac2ff9,two-twentyseven,2026-04-18,21:59:15,-07:00,2026-04-18T21:59:15-07:00,1,8
global.js,52,js,11ac2ff9,two-twentyseven,2026-04-18,21:59:15,-07:00,2026-04-18T21:59:15-07:00,0,0
global.js,53,js,11ac2ff9,two-twentyseven,2026-04-18,21:59:15,-07:00,2026-04-18T21:59:15-07:00,0,0
global.js,54,js,11ac2ff9,two-twentyseven,2026-04-18,21:59:15,-07:00,2026-04-18T21:59:15-07:00,0,58
global.js,55,js,11ac2ff9,two-twentyseven,2026-04-18,21:59:15,-07:00,2026-04-18T21:59:15-07:00,0,0
global.js,56,js,11ac2ff9,two-twentyseven,2026-04-18,21:59:15,-07:00,2026-04-18T21:59:15-07:00,0,34
global.js,57,js,11ac2ff9,two-twentyseven,2026-04-18,21:59:15,-07:00,2026-04-18T21:59:15-07:00,1,83
global.js,58,js,11ac2ff9,two-twentyseven,2026-04-18,21:59:15,-07:00,2026-04-18T21:59:15-07:00,1,38
global.js,59,js,11ac2ff9,two-twentyseven,2026-04-18,21:59:15,-07:00,2026-04-18T21:59:15-07:00,0,0
global.js,60,js,11ac2ff9,two-twentyseven,2026-04-18,21:59:15,-07:00,2026-04-18T21:59:15-07:00,0,0
global.js,61,js,11ac2ff9,two-twentyseven,2026-04-18,21:59:15,-07:00,2026-04-18T21:59:15-07:00,0,44
global.js,62,js,11ac2ff9,two-twentyseven,2026-04-18,21:59:15,-07:00,2026-04-18T21:59:15-07:00,1,57
global.js,63,js,11ac2ff9,two-twentyseven,2026-04-18,21:59:15,-07:00,2026-04-18T21:59:15-07:00,1,77
global.js,64,js,11ac2ff9,two-twentyseven,2026-04-18,21:59:15,-07:00,2026-04-18T21:59:15-07:00,1,44
global.js,65,js,b702473d,two-twentyseven,2026-04-25,22:47:56,-07:00,2026-04-25T22:47:56-07:00,0,1
global.js,66,js,b702473d,two-twentyseven,2026-04-25,22:47:56,-07:00,2026-04-25T22:47:56-07:00,0,36
global.js,67,js,b702473d,two-twentyseven,2026-04-25,22:47:56,-07:00,2026-04-25T22:47:56-07:00,1,3
global.js,68,js,b702473d,two-twentyseven,2026-04-25,22:47:56,-07:00,2026-04-25T22:47:56-07:00,2,39
global.js,69,js,b702473d,two-twentyseven,2026-04-25,22:47:56,-07:00,2026-04-25T22:47:56-07:00,2,32
global.js,70,js,b702473d,two-twentyseven,2026-04-25,22:47:56,-07:00,2026-04-25T22:47:56-07:00,2,17
global.js,71,js,b702473d,two-twentyseven,2026-04-25,22:47:56,-07:00,2026-04-25T22:47:56-07:00,4,66
global.js,72,js,b702473d,two-twentyseven,2026-04-25,22:47:56,-07:00,2026-04-25T22:47:56-07:00,2,0
global.js,73,js,b702473d,two-twentyseven,2026-04-25,22:47:56,-07:00,2026-04-25T22:47:56-07:00,2,33
global.js,74,js,b702473d,two-twentyseven,2026-04-25,22:47:56,-07:00,2026-04-25T22:47:56-07:00,2,10
global.js,75,js,b702473d,two-twentyseven,2026-04-25,22:47:56,-07:00,2026-04-25T22:47:56-07:00,0,0
global.js,76,js,b702473d,two-twentyseven,2026-04-25,22:47:56,-07:00,2026-04-25T22:47:56-07:00,1,15
global.js,77,js,b702473d,two-twentyseven,2026-04-25,22:47:56,-07:00,2026-04-25T22:47:56-07:00,2,59
global.js,78,js,b702473d,two-twentyseven,2026-04-25,22:47:56,-07:00,2026-04-25T22:47:56-07:00,1,0
global.js,79,js,b702473d,two-twentyseven,2026-04-25,22:47:56,-07:00,2026-04-25T22:47:56-07:00,0,0
global.js,80,js,b702473d,two-twentyseven,2026-04-25,22:47:56,-07:00,2026-04-25T22:47:56-07:00,0,78
global.js,81,js,b702473d,two-twentyseven,2026-04-25,22:47:56,-07:00,2026-04-25T22:47:56-07:00,1,30
global.js,82,js,b702473d,two-twentyseven,2026-04-25,22:47:56,-07:00,2026-04-25T22:47:56-07:00,1,34
global.js,83,js,b702473d,two-twentyseven,2026-04-25,22:47:56,-07:00,2026-04-25T22:47:56-07:00,2,48
global.js,84,js,b702473d,two-twentyseven,2026-04-25,22:47:56,-07:00,2026-04-25T22:47:56-07:00,2,19
global.js,85,js,b702473d,two-twentyseven,2026-04-25,22:47:56,-07:00,2026-04-25T22:47:56-07:00,4,53
global.js,86,js,b702473d,two-twentyseven,2026-04-25,22:47:56,-07:00,2026-04-25T22:47:56-07:00,4,57
global.js,87,js,b702473d,two-twentyseven,2026-04-25,22:47:56,-07:00,2026-04-25T22:47:56-07:00,4,31
global.js,88,js,b702473d,two-twentyseven,2026-04-25,22:47:56,-07:00,2026-04-25T22:47:56-07:00,2,0
global.js,89,js,b702473d,two-twentyseven,2026-04-25,22:47:56,-07:00,2026-04-25T22:47:56-07:00,2,36
global.js,90,js,b702473d,two-twentyseven,2026-04-25,22:47:56,-07:00,2026-04-25T22:47:56-07:00,1,0
global.js,91,js,b702473d,two-twentyseven,2026-04-25,22:47:56,-07:00,2026-04-25T22:47:56-07:00,0,0
global.js,92,js,b702473d,two-twentyseven,2026-04-25,22:47:56,-07:00,2026-04-25T22:47:56-07:00,0,47
global.js,93,js,b702473d,two-twentyseven,2026-04-25,22:47:56,-07:00,2026-04-25T22:47:56-07:00,1,59
global.js,94,js,b702473d,two-twentyseven,2026-04-25,22:47:56,-07:00,2026-04-25T22:47:56-07:00,0,0
resume\index.html,1,html,144392a0,two-twentyseven,2026-04-04,23:25:11,-07:00,2026-04-04T23:25:11-07:00,0,13
resume\index.html,2,html,144392a0,two-twentyseven,2026-04-04,23:25:11,-07:00,2026-04-04T23:25:11-07:00,0,14
resume\index.html,3,html,144392a0,two-twentyseven,2026-04-04,23:25:11,-07:00,2026-04-04T23:25:11-07:00,0,4
resume\index.html,4,html,144392a0,two-twentyseven,2026-04-04,23:25:11,-07:00,2026-04-04T23:25:11-07:00,2,20
resume\index.html,5,html,144392a0,two-twentyseven,2026-04-04,23:25:11,-07:00,2026-04-04T23:25:11-07:00,2,68
resume\index.html,6,html,144392a0,two-twentyseven,2026-04-04,23:25:11,-07:00,2026-04-04T23:25:11-07:00,2,19
resume\index.html,7,html,7009d1ed,two-twentyseven,2026-04-11,19:38:28,-07:00,2026-04-11T19:38:28-07:00,2,41
resume\index.html,8,html,b702473d,two-twentyseven,2026-04-25,22:47:56,-07:00,2026-04-25T22:47:56-07:00,2,48
resume\index.html,9,html,144392a0,two-twentyseven,2026-04-04,23:25:11,-07:00,2026-04-04T23:25:11-07:00,0,5
resume\index.html,10,html,144392a0,two-twentyseven,2026-04-04,23:25:11,-07:00,2026-04-04T23:25:11-07:00,0,4
resume\index.html,11,html,11ac2ff9,two-twentyseven,2026-04-18,21:59:15,-07:00,2026-04-18T21:59:15-07:00,2,0
resume\index.html,12,html,144392a0,two-twentyseven,2026-04-04,23:25:11,-07:00,2026-04-04T23:25:11-07:00,2,6
resume\index.html,13,html,144392a0,two-twentyseven,2026-04-04,23:25:11,-07:00,2026-04-04T23:25:11-07:00,4,19
resume\index.html,14,html,144392a0,two-twentyseven,2026-04-04,23:25:11,-07:00,2026-04-04T23:25:11-07:00,4,36
resume\index.html,15,html,144392a0,two-twentyseven,2026-04-04,23:25:11,-07:00,2026-04-04T23:25:11-07:00,4,1
resume\index.html,16,html,144392a0,two-twentyseven,2026-04-04,23:25:11,-07:00,2026-04-04T23:25:11-07:00,4,72
resume\index.html,17,html,144392a0,two-twentyseven,2026-04-04,23:25:11,-07:00,2026-04-04T23:25:11-07:00,4,75
resume\index.html,18,html,144392a0,two-twentyseven,2026-04-04,23:25:11,-07:00,2026-04-04T23:25:11-07:00,4,97
resume\index.html,19,html,144392a0,two-twentyseven,2026-04-04,23:25:11,-07:00,2026-04-04T23:25:11-07:00,4,2
resume\index.html,20,html,144392a0,two-twentyseven,2026-04-04,23:25:11,-07:00,2026-04-04T23:25:11-07:00,4,249
resume\index.html,21,html,144392a0,two-twentyseven,2026-04-04,23:25:11,-07:00,2026-04-04T23:25:11-07:00,2,7
resume\index.html,22,html,7009d1ed,two-twentyseven,2026-04-11,19:38:28,-07:00,2026-04-11T19:38:28-07:00,2,31
resume\index.html,23,html,144392a0,two-twentyseven,2026-04-04,23:25:11,-07:00,2026-04-04T23:25:11-07:00,4,21
resume\index.html,24,html,144392a0,two-twentyseven,2026-04-04,23:25:11,-07:00,2026-04-04T23:25:11-07:00,4,241
resume\index.html,25,html,144392a0,two-twentyseven,2026-04-04,23:25:11,-07:00,2026-04-04T23:25:11-07:00,2,8
resume\index.html,26,html,7009d1ed,two-twentyseven,2026-04-11,19:38:28,-07:00,2026-04-11T19:38:28-07:00,2,31
resume\index.html,27,html,7009d1ed,two-twentyseven,2026-04-11,19:38:28,-07:00,2026-04-11T19:38:28-07:00,4,23
resume\index.html,28,html,7009d1ed,two-twentyseven,2026-04-11,19:38:28,-07:00,2026-04-11T19:38:28-07:00,4,2
resume\index.html,29,html,7009d1ed,two-twentyseven,2026-04-11,19:38:28,-07:00,2026-04-11T19:38:28-07:00,4,99
resume\index.html,30,html,7009d1ed,two-twentyseven,2026-04-11,19:38:28,-07:00,2026-04-11T19:38:28-07:00,4,81
resume\index.html,31,html,7009d1ed,two-twentyseven,2026-04-11,19:38:28,-07:00,2026-04-11T19:38:28-07:00,4,170
resume\index.html,32,html,7009d1ed,two-twentyseven,2026-04-11,19:38:28,-07:00,2026-04-11T19:38:28-07:00,4,3
resume\index.html,33,html,7009d1ed,two-twentyseven,2026-04-11,19:38:28,-07:00,2026-04-11T19:38:28-07:00,2,8
resume\index.html,34,html,144392a0,two-twentyseven,2026-04-04,23:25:11,-07:00,2026-04-04T23:25:11-07:00,2,7
resume\index.html,35,html,144392a0,two-twentyseven,2026-04-04,23:25:11,-07:00,2026-04-04T23:25:11-07:00,4,16
resume\index.html,36,html,144392a0,two-twentyseven,2026-04-04,23:25:11,-07:00,2026-04-04T23:25:11-07:00,4,2
resume\index.html,37,html,144392a0,two-twentyseven,2026-04-04,23:25:11,-07:00,2026-04-04T23:25:11-07:00,4,2
resume\index.html,38,html,144392a0,two-twentyseven,2026-04-04,23:25:11,-07:00,2026-04-04T23:25:11-07:00,6,146
resume\index.html,39,html,144392a0,two-twentyseven,2026-04-04,23:25:11,-07:00,2026-04-04T23:25:11-07:00,4,3
resume\index.html,40,html,144392a0,two-twentyseven,2026-04-04,23:25:11,-07:00,2026-04-04T23:25:11-07:00,4,2
resume\index.html,41,html,144392a0,two-twentyseven,2026-04-04,23:25:11,-07:00,2026-04-04T23:25:11-07:00,6,72
resume\index.html,42,html,144392a0,two-twentyseven,2026-04-04,23:25:11,-07:00,2026-04-04T23:25:11-07:00,4,3
resume\index.html,43,html,144392a0,two-twentyseven,2026-04-04,23:25:11,-07:00,2026-04-04T23:25:11-07:00,4,3
resume\index.html,44,html,144392a0,two-twentyseven,2026-04-04,23:25:11,-07:00,2026-04-04T23:25:11-07:00,2,8
resume\index.html,45,html,144392a0,two-twentyseven,2026-04-04,23:25:11,-07:00,2026-04-04T23:25:11-07:00,2,7
resume\index.html,46,html,144392a0,two-twentyseven,2026-04-04,23:25:11,-07:00,2026-04-04T23:25:11-07:00,4,26
resume\index.html,47,html,144392a0,two-twentyseven,2026-04-04,23:25:11,-07:00,2026-04-04T23:25:11-07:00,4,7
resume\index.html,48,html,144392a0,two-twentyseven,2026-04-04,23:25:11,-07:00,2026-04-04T23:25:11-07:00,4,6
resume\index.html,49,html,144392a0,two-twentyseven,2026-04-04,23:25:11,-07:00,2026-04-04T23:25:11-07:00,6,31
resume\index.html,50,html,144392a0,two-twentyseven,2026-04-04,23:25:11,-07:00,2026-04-04T23:25:11-07:00,6,136
resume\index.html,51,html,144392a0,two-twentyseven,2026-04-04,23:25:11,-07:00,2026-04-04T23:25:11-07:00,4,7
resume\index.html,52,html,144392a0,two-twentyseven,2026-04-04,23:25:11,-07:00,2026-04-04T23:25:11-07:00,4,2
resume\index.html,53,html,144392a0,two-twentyseven,2026-04-04,23:25:11,-07:00,2026-04-04T23:25:11-07:00,6,148
resume\index.html,54,html,144392a0,two-twentyseven,2026-04-04,23:25:11,-07:00,2026-04-04T23:25:11-07:00,6,131
resume\index.html,55,html,144392a0,two-twentyseven,2026-04-04,23:25:11,-07:00,2026-04-04T23:25:11-07:00,6,116
resume\index.html,56,html,144392a0,two-twentyseven,2026-04-04,23:25:11,-07:00,2026-04-04T23:25:11-07:00,4,3
resume\index.html,57,html,144392a0,two-twentyseven,2026-04-04,23:25:11,-07:00,2026-04-04T23:25:11-07:00,4,8
resume\index.html,58,html,144392a0,two-twentyseven,2026-04-04,23:25:11,-07:00,2026-04-04T23:25:11-07:00,4,7
resume\index.html,59,html,144392a0,two-twentyseven,2026-04-04,23:25:11,-07:00,2026-04-04T23:25:11-07:00,4,6
resume\index.html,60,html,144392a0,two-twentyseven,2026-04-04,23:25:11,-07:00,2026-04-04T23:25:11-07:00,6,26
resume\index.html,61,html,144392a0,two-twentyseven,2026-04-04,23:25:11,-07:00,2026-04-04T23:25:11-07:00,6,136
resume\index.html,62,html,144392a0,two-twentyseven,2026-04-04,23:25:11,-07:00,2026-04-04T23:25:11-07:00,4,7
resume\index.html,63,html,144392a0,two-twentyseven,2026-04-04,23:25:11,-07:00,2026-04-04T23:25:11-07:00,4,2
resume\index.html,64,html,144392a0,two-twentyseven,2026-04-04,23:25:11,-07:00,2026-04-04T23:25:11-07:00,6,127
resume\index.html,65,html,144392a0,two-twentyseven,2026-04-04,23:25:11,-07:00,2026-04-04T23:25:11-07:00,6,167
resume\index.html,66,html,144392a0,two-twentyseven,2026-04-04,23:25:11,-07:00,2026-04-04T23:25:11-07:00,6,100
resume\index.html,67,html,144392a0,two-twentyseven,2026-04-04,23:25:11,-07:00,2026-04-04T23:25:11-07:00,4,3
resume\index.html,68,html,144392a0,two-twentyseven,2026-04-04,23:25:11,-07:00,2026-04-04T23:25:11-07:00,4,8
resume\index.html,69,html,144392a0,two-twentyseven,2026-04-04,23:25:11,-07:00,2026-04-04T23:25:11-07:00,2,8
resume\index.html,70,html,144392a0,two-twentyseven,2026-04-04,23:25:11,-07:00,2026-04-04T23:25:11-07:00,2,7
resume\index.html,71,html,144392a0,two-twentyseven,2026-04-04,23:25:11,-07:00,2026-04-04T23:25:11-07:00,4,45
resume\index.html,72,html,144392a0,two-twentyseven,2026-04-04,23:25:11,-07:00,2026-04-04T23:25:11-07:00,4,7
resume\index.html,73,html,144392a0,two-twentyseven,2026-04-04,23:25:11,-07:00,2026-04-04T23:25:11-07:00,4,6
resume\index.html,74,html,144392a0,two-twentyseven,2026-04-04,23:25:11,-07:00,2026-04-04T23:25:11-07:00,6,32
resume\index.html,75,html,144392a0,two-twentyseven,2026-04-04,23:25:11,-07:00,2026-04-04T23:25:11-07:00,6,55
resume\index.html,76,html,144392a0,two-twentyseven,2026-04-04,23:25:11,-07:00,2026-04-04T23:25:11-07:00,4,7
resume\index.html,77,html,144392a0,two-twentyseven,2026-04-04,23:25:11,-07:00,2026-04-04T23:25:11-07:00,4,2
resume\index.html,78,html,144392a0,two-twentyseven,2026-04-04,23:25:11,-07:00,2026-04-04T23:25:11-07:00,6,194
resume\index.html,79,html,144392a0,two-twentyseven,2026-04-04,23:25:11,-07:00,2026-04-04T23:25:11-07:00,6,140
resume\index.html,80,html,144392a0,two-twentyseven,2026-04-04,23:25:11,-07:00,2026-04-04T23:25:11-07:00,4,3
resume\index.html,81,html,144392a0,two-twentyseven,2026-04-04,23:25:11,-07:00,2026-04-04T23:25:11-07:00,4,8
resume\index.html,82,html,144392a0,two-twentyseven,2026-04-04,23:25:11,-07:00,2026-04-04T23:25:11-07:00,2,8
resume\index.html,83,html,144392a0,two-twentyseven,2026-04-04,23:25:11,-07:00,2026-04-04T23:25:11-07:00,2,7
resume\index.html,84,html,144392a0,two-twentyseven,2026-04-04,23:25:11,-07:00,2026-04-04T23:25:11-07:00,4,15
resume\index.html,85,html,144392a0,two-twentyseven,2026-04-04,23:25:11,-07:00,2026-04-04T23:25:11-07:00,4,7
resume\index.html,86,html,144392a0,two-twentyseven,2026-04-04,23:25:11,-07:00,2026-04-04T23:25:11-07:00,4,6
resume\index.html,87,html,144392a0,two-twentyseven,2026-04-04,23:25:11,-07:00,2026-04-04T23:25:11-07:00,6,80
resume\index.html,88,html,144392a0,two-twentyseven,2026-04-04,23:25:11,-07:00,2026-04-04T23:25:11-07:00,6,74
resume\index.html,89,html,144392a0,two-twentyseven,2026-04-04,23:25:11,-07:00,2026-04-04T23:25:11-07:00,4,7
resume\index.html,90,html,144392a0,two-twentyseven,2026-04-04,23:25:11,-07:00,2026-04-04T23:25:11-07:00,4,2
resume\index.html,91,html,144392a0,two-twentyseven,2026-04-04,23:25:11,-07:00,2026-04-04T23:25:11-07:00,6,145
resume\index.html,92,html,144392a0,two-twentyseven,2026-04-04,23:25:11,-07:00,2026-04-04T23:25:11-07:00,6,159
resume\index.html,93,html,144392a0,two-twentyseven,2026-04-04,23:25:11,-07:00,2026-04-04T23:25:11-07:00,4,3
resume\index.html,94,html,144392a0,two-twentyseven,2026-04-04,23:25:11,-07:00,2026-04-04T23:25:11-07:00,4,8
resume\index.html,95,html,144392a0,two-twentyseven,2026-04-04,23:25:11,-07:00,2026-04-04T23:25:11-07:00,4,7
resume\index.html,96,html,144392a0,two-twentyseven,2026-04-04,23:25:11,-07:00,2026-04-04T23:25:11-07:00,4,6
resume\index.html,97,html,144392a0,two-twentyseven,2026-04-04,23:25:11,-07:00,2026-04-04T23:25:11-07:00,6,87
resume\index.html,98,html,144392a0,two-twentyseven,2026-04-04,23:25:11,-07:00,2026-04-04T23:25:11-07:00,6,68
resume\index.html,99,html,144392a0,two-twentyseven,2026-04-04,23:25:11,-07:00,2026-04-04T23:25:11-07:00,4,7
resume\index.html,100,html,144392a0,two-twentyseven,2026-04-04,23:25:11,-07:00,2026-04-04T23:25:11-07:00,4,2
resume\index.html,101,html,144392a0,two-twentyseven,2026-04-04,23:25:11,-07:00,2026-04-04T23:25:11-07:00,6,142
resume\index.html,102,html,144392a0,two-twentyseven,2026-04-04,23:25:11,-07:00,2026-04-04T23:25:11-07:00,6,187
resume\index.html,103,html,144392a0,two-twentyseven,2026-04-04,23:25:11,-07:00,2026-04-04T23:25:11-07:00,4,3
resume\index.html,104,html,144392a0,two-twentyseven,2026-04-04,23:25:11,-07:00,2026-04-04T23:25:11-07:00,4,8
resume\index.html,105,html,144392a0,two-twentyseven,2026-04-04,23:25:11,-07:00,2026-04-04T23:25:11-07:00,2,8
resume\index.html,106,html,7009d1ed,two-twentyseven,2026-04-11,19:38:28,-07:00,2026-04-11T19:38:28-07:00,0,0
resume\index.html,107,html,144392a0,two-twentyseven,2026-04-04,23:25:11,-07:00,2026-04-04T23:25:11-07:00,0,5
resume\index.html,108,html,144392a0,two-twentyseven,2026-04-04,23:25:11,-07:00,2026-04-04T23:25:11-07:00,0,5
projects\projects.js,1,js,b702473d,two-twentyseven,2026-04-25,22:47:56,-07:00,2026-04-25T22:47:56-07:00,0,55
projects\projects.js,2,js,609f761c,two-twentyseven,2026-05-01,22:04:31,-07:00,2026-05-01T22:04:31-07:00,0,63
projects\projects.js,3,js,609f761c,two-twentyseven,2026-05-01,22:04:31,-07:00,2026-05-01T22:04:31-07:00,0,0
projects\projects.js,4,js,b702473d,two-twentyseven,2026-04-25,22:47:56,-07:00,2026-04-25T22:47:56-07:00,0,55
projects\projects.js,5,js,b702473d,two-twentyseven,2026-04-25,22:47:56,-07:00,2026-04-25T22:47:56-07:00,0,0
projects\projects.js,6,js,b702473d,two-twentyseven,2026-04-25,22:47:56,-07:00,2026-04-25T22:47:56-07:00,0,84
projects\projects.js,7,js,b702473d,two-twentyseven,2026-04-25,22:47:56,-07:00,2026-04-25T22:47:56-07:00,0,0
projects\projects.js,8,js,b702473d,two-twentyseven,2026-04-25,22:47:56,-07:00,2026-04-25T22:47:56-07:00,0,60
projects\projects.js,9,js,609f761c,two-twentyseven,2026-05-01,22:04:31,-07:00,2026-05-01T22:04:31-07:00,0,0
projects\projects.js,10,js,609f761c,two-twentyseven,2026-05-01,22:04:31,-07:00,2026-05-01T22:04:31-07:00,0,57
projects\projects.js,11,js,609f761c,two-twentyseven,2026-05-01,22:04:31,-07:00,2026-05-01T22:04:31-07:00,0,47
projects\projects.js,12,js,609f761c,two-twentyseven,2026-05-01,22:04:31,-07:00,2026-05-01T22:04:31-07:00,0,21
projects\projects.js,13,js,609f761c,two-twentyseven,2026-05-01,22:04:31,-07:00,2026-05-01T22:04:31-07:00,0,13
projects\projects.js,14,js,609f761c,two-twentyseven,2026-05-01,22:04:31,-07:00,2026-05-01T22:04:31-07:00,0,0
projects\projects.js,15,js,609f761c,two-twentyseven,2026-05-01,22:04:31,-07:00,2026-05-01T22:04:31-07:00,0,23
projects\projects.js,16,js,609f761c,two-twentyseven,2026-05-01,22:04:31,-07:00,2026-05-01T22:04:31-07:00,1,51
projects\projects.js,17,js,609f761c,two-twentyseven,2026-05-01,22:04:31,-07:00,2026-05-01T22:04:31-07:00,2,59
projects\projects.js,18,js,609f761c,two-twentyseven,2026-05-01,22:04:31,-07:00,2026-05-01T22:04:31-07:00,2,42
projects\projects.js,19,js,609f761c,two-twentyseven,2026-05-01,22:04:31,-07:00,2026-05-01T22:04:31-07:00,1,1
projects\projects.js,20,js,609f761c,two-twentyseven,2026-05-01,22:04:31,-07:00,2026-05-01T22:04:31-07:00,1,31
projects\projects.js,21,js,609f761c,two-twentyseven,2026-05-01,22:04:31,-07:00,2026-05-01T22:04:31-07:00,1,25
projects\projects.js,22,js,609f761c,two-twentyseven,2026-05-01,22:04:31,-07:00,2026-05-01T22:04:31-07:00,2,56
projects\projects.js,23,js,609f761c,two-twentyseven,2026-05-01,22:04:31,-07:00,2026-05-01T22:04:31-07:00,1,6
projects\projects.js,24,js,609f761c,two-twentyseven,2026-05-01,22:04:31,-07:00,2026-05-01T22:04:31-07:00,2,95
projects\projects.js,25,js,609f761c,two-twentyseven,2026-05-01,22:04:31,-07:00,2026-05-01T22:04:31-07:00,2,74
projects\projects.js,26,js,609f761c,two-twentyseven,2026-05-01,22:04:31,-07:00,2026-05-01T22:04:31-07:00,2,52
projects\projects.js,27,js,609f761c,two-twentyseven,2026-05-01,22:04:31,-07:00,2026-05-01T22:04:31-07:00,1,0
projects\projects.js,28,js,609f761c,two-twentyseven,2026-05-01,22:04:31,-07:00,2026-05-01T22:04:31-07:00,0,0
projects\projects.js,29,js,609f761c,two-twentyseven,2026-05-01,22:04:31,-07:00,2026-05-01T22:04:31-07:00,0,0
projects\projects.js,30,js,609f761c,two-twentyseven,2026-05-01,22:04:31,-07:00,2026-05-01T22:04:31-07:00,0,38
projects\projects.js,31,js,609f761c,two-twentyseven,2026-05-01,22:04:31,-07:00,2026-05-01T22:04:31-07:00,1,42
projects\projects.js,32,js,609f761c,two-twentyseven,2026-05-01,22:04:31,-07:00,2026-05-01T22:04:31-07:00,1,44
projects\projects.js,33,js,609f761c,two-twentyseven,2026-05-01,22:04:31,-07:00,2026-05-01T22:04:31-07:00,0,0
projects\projects.js,34,js,609f761c,two-twentyseven,2026-05-01,22:04:31,-07:00,2026-05-01T22:04:31-07:00,1,26
projects\projects.js,35,js,609f761c,two-twentyseven,2026-05-01,22:04:31,-07:00,2026-05-01T22:04:31-07:00,2,12
projects\projects.js,36,js,609f761c,two-twentyseven,2026-05-01,22:04:31,-07:00,2026-05-01T22:04:31-07:00,2,14
projects\projects.js,37,js,609f761c,two-twentyseven,2026-05-01,22:04:31,-07:00,2026-05-01T22:04:31-07:00,2,12
projects\projects.js,38,js,609f761c,two-twentyseven,2026-05-01,22:04:31,-07:00,2026-05-01T22:04:31-07:00,1,0
projects\projects.js,39,js,609f761c,two-twentyseven,2026-05-01,22:04:31,-07:00,2026-05-01T22:04:31-07:00,0,0
projects\projects.js,40,js,609f761c,two-twentyseven,2026-05-01,22:04:31,-07:00,2026-05-01T22:04:31-07:00,1,44
projects\projects.js,41,js,609f761c,two-twentyseven,2026-05-01,22:04:31,-07:00,2026-05-01T22:04:31-07:00,2,35
projects\projects.js,42,js,609f761c,two-twentyseven,2026-05-01,22:04:31,-07:00,2026-05-01T22:04:31-07:00,1,1
projects\projects.js,43,js,609f761c,two-twentyseven,2026-05-01,22:04:31,-07:00,2026-05-01T22:04:31-07:00,0,0
projects\projects.js,44,js,609f761c,two-twentyseven,2026-05-01,22:04:31,-07:00,2026-05-01T22:04:31-07:00,1,50
projects\projects.js,45,js,609f761c,two-twentyseven,2026-05-01,22:04:31,-07:00,2026-05-01T22:04:31-07:00,1,33
projects\projects.js,46,js,609f761c,two-twentyseven,2026-05-01,22:04:31,-07:00,2026-05-01T22:04:31-07:00,1,45
projects\projects.js,47,js,609f761c,two-twentyseven,2026-05-01,22:04:31,-07:00,2026-05-01T22:04:31-07:00,0,0
projects\projects.js,48,js,609f761c,two-twentyseven,2026-05-01,22:04:31,-07:00,2026-05-01T22:04:31-07:00,1,25
projects\projects.js,49,js,609f761c,two-twentyseven,2026-05-01,22:04:31,-07:00,2026-05-01T22:04:31-07:00,1,24
projects\projects.js,50,js,609f761c,two-twentyseven,2026-05-01,22:04:31,-07:00,2026-05-01T22:04:31-07:00,2,1
projects\projects.js,51,js,609f761c,two-twentyseven,2026-05-01,22:04:31,-07:00,2026-05-01T22:04:31-07:00,3,13
projects\projects.js,52,js,609f761c,two-twentyseven,2026-05-01,22:04:31,-07:00,2026-05-01T22:04:31-07:00,3,13
projects\projects.js,53,js,609f761c,two-twentyseven,2026-05-01,22:04:31,-07:00,2026-05-01T22:04:31-07:00,3,22
projects\projects.js,54,js,609f761c,two-twentyseven,2026-05-01,22:04:31,-07:00,2026-05-01T22:04:31-07:00,3,18
projects\projects.js,55,js,609f761c,two-twentyseven,2026-05-01,22:04:31,-07:00,2026-05-01T22:04:31-07:00,4,43
projects\projects.js,56,js,609f761c,two-twentyseven,2026-05-01,22:04:31,-07:00,2026-05-01T22:04:31-07:00,0,0
projects\projects.js,57,js,609f761c,two-twentyseven,2026-05-01,22:04:31,-07:00,2026-05-01T22:04:31-07:00,4,1
projects\projects.js,58,js,609f761c,two-twentyseven,2026-05-01,22:04:31,-07:00,2026-05-01T22:04:31-07:00,5,16
projects\projects.js,59,js,609f761c,two-twentyseven,2026-05-01,22:04:31,-07:00,2026-05-01T22:04:31-07:00,5,66
projects\projects.js,60,js,609f761c,two-twentyseven,2026-05-01,22:04:31,-07:00,2026-05-01T22:04:31-07:00,0,0
projects\projects.js,61,js,609f761c,two-twentyseven,2026-05-01,22:04:31,-07:00,2026-05-01T22:04:31-07:00,4,4
projects\projects.js,62,js,609f761c,two-twentyseven,2026-05-01,22:04:31,-07:00,2026-05-01T22:04:31-07:00,5,14
projects\projects.js,63,js,609f761c,two-twentyseven,2026-05-01,22:04:31,-07:00,2026-05-01T22:04:31-07:00,5,66
projects\projects.js,64,js,609f761c,two-twentyseven,2026-05-01,22:04:31,-07:00,2026-05-01T22:04:31-07:00,0,0
projects\projects.js,65,js,609f761c,two-twentyseven,2026-05-01,22:04:31,-07:00,2026-05-01T22:04:31-07:00,4,25
projects\projects.js,66,js,609f761c,two-twentyseven,2026-05-01,22:04:31,-07:00,2026-05-01T22:04:31-07:00,5,53
projects\projects.js,67,js,609f761c,two-twentyseven,2026-05-01,22:04:31,-07:00,2026-05-01T22:04:31-07:00,4,6
projects\projects.js,68,js,609f761c,two-twentyseven,2026-05-01,22:04:31,-07:00,2026-05-01T22:04:31-07:00,5,44
projects\projects.js,69,js,609f761c,two-twentyseven,2026-05-01,22:04:31,-07:00,2026-05-01T22:04:31-07:00,5,71
projects\projects.js,70,js,609f761c,two-twentyseven,2026-05-01,22:04:31,-07:00,2026-05-01T22:04:31-07:00,5,52
projects\projects.js,71,js,609f761c,two-twentyseven,2026-05-01,22:04:31,-07:00,2026-05-01T22:04:31-07:00,4,0
projects\projects.js,72,js,609f761c,two-twentyseven,2026-05-01,22:04:31,-07:00,2026-05-01T22:04:31-07:00,3,1
projects\projects.js,73,js,609f761c,two-twentyseven,2026-05-01,22:04:31,-07:00,2026-05-01T22:04:31-07:00,1,1
projects\projects.js,74,js,609f761c,two-twentyseven,2026-05-01,22:04:31,-07:00,2026-05-01T22:04:31-07:00,0,0
projects\projects.js,75,js,609f761c,two-twentyseven,2026-05-01,22:04:31,-07:00,2026-05-01T22:04:31-07:00,1,32
projects\projects.js,76,js,609f761c,two-twentyseven,2026-05-01,22:04:31,-07:00,2026-05-01T22:04:31-07:00,1,24
projects\projects.js,77,js,609f761c,two-twentyseven,2026-05-01,22:04:31,-07:00,2026-05-01T22:04:31-07:00,2,4
projects\projects.js,78,js,609f761c,two-twentyseven,2026-05-01,22:04:31,-07:00,2026-05-01T22:04:31-07:00,3,11
projects\projects.js,79,js,609f761c,two-twentyseven,2026-05-01,22:04:31,-07:00,2026-05-01T22:04:31-07:00,3,38
projects\projects.js,80,js,609f761c,two-twentyseven,2026-05-01,22:04:31,-07:00,2026-05-01T22:04:31-07:00,3,69
projects\projects.js,81,js,609f761c,two-twentyseven,2026-05-01,22:04:31,-07:00,2026-05-01T22:04:31-07:00,1,1
projects\projects.js,82,js,609f761c,two-twentyseven,2026-05-01,22:04:31,-07:00,2026-05-01T22:04:31-07:00,0,0
projects\projects.js,83,js,609f761c,two-twentyseven,2026-05-01,22:04:31,-07:00,2026-05-01T22:04:31-07:00,0,0
projects\projects.js,84,js,609f761c,two-twentyseven,2026-05-01,22:04:31,-07:00,2026-05-01T22:04:31-07:00,0,13
projects\projects.js,85,js,609f761c,two-twentyseven,2026-05-01,22:04:31,-07:00,2026-05-01T22:04:31-07:00,0,0
projects\projects.js,86,js,609f761c,two-twentyseven,2026-05-01,22:04:31,-07:00,2026-05-01T22:04:31-07:00,0,53
projects\projects.js,87,js,609f761c,two-twentyseven,2026-05-01,22:04:31,-07:00,2026-05-01T22:04:31-07:00,0,49
projects\projects.js,88,js,609f761c,two-twentyseven,2026-05-01,22:04:31,-07:00,2026-05-01T22:04:31-07:00,1,25
projects\projects.js,89,js,609f761c,two-twentyseven,2026-05-01,22:04:31,-07:00,2026-05-01T22:04:31-07:00,1,17
projects\projects.js,90,js,609f761c,two-twentyseven,2026-05-01,22:04:31,-07:00,2026-05-01T22:04:31-07:00,1,13
projects\projects.js,91,js,609f761c,two-twentyseven,2026-05-01,22:04:31,-07:00,2026-05-01T22:04:31-07:00,0,1
projects\index.html,1,html,144392a0,two-twentyseven,2026-04-04,23:25:11,-07:00,2026-04-04T23:25:11-07:00,0,13
projects\index.html,2,html,144392a0,two-twentyseven,2026-04-04,23:25:11,-07:00,2026-04-04T23:25:11-07:00,0,14
projects\index.html,3,html,144392a0,two-twentyseven,2026-04-04,23:25:11,-07:00,2026-04-04T23:25:11-07:00,0,4
projects\index.html,4,html,144392a0,two-twentyseven,2026-04-04,23:25:11,-07:00,2026-04-04T23:25:11-07:00,2,20
projects\index.html,5,html,144392a0,two-twentyseven,2026-04-04,23:25:11,-07:00,2026-04-04T23:25:11-07:00,2,68
projects\index.html,6,html,144392a0,two-twentyseven,2026-04-04,23:25:11,-07:00,2026-04-04T23:25:11-07:00,2,21
projects\index.html,7,html,7009d1ed,two-twentyseven,2026-04-11,19:38:28,-07:00,2026-04-11T19:38:28-07:00,2,41
projects\index.html,8,html,b702473d,two-twentyseven,2026-04-25,22:47:56,-07:00,2026-04-25T22:47:56-07:00,2,48
projects\index.html,9,html,b702473d,two-twentyseven,2026-04-25,22:47:56,-07:00,2026-04-25T22:47:56-07:00,2,47
projects\index.html,10,html,144392a0,two-twentyseven,2026-04-04,23:25:11,-07:00,2026-04-04T23:25:11-07:00,0,5
projects\index.html,11,html,144392a0,two-twentyseven,2026-04-04,23:25:11,-07:00,2026-04-04T23:25:11-07:00,0,4
projects\index.html,12,html,b702473d,two-twentyseven,2026-04-25,22:47:56,-07:00,2026-04-25T22:47:56-07:00,2,38
projects\index.html,13,html,609f761c,two-twentyseven,2026-05-01,22:04:31,-07:00,2026-05-01T22:04:31-07:00,4,27
projects\index.html,14,html,609f761c,two-twentyseven,2026-05-01,22:04:31,-07:00,2026-05-01T22:04:31-07:00,6,58
projects\index.html,15,html,609f761c,two-twentyseven,2026-05-01,22:04:31,-07:00,2026-05-01T22:04:31-07:00,6,22
projects\index.html,16,html,609f761c,two-twentyseven,2026-05-01,22:04:31,-07:00,2026-05-01T22:04:31-07:00,4,4
projects\index.html,17,html,609f761c,two-twentyseven,2026-05-01,22:04:31,-07:00,2026-05-01T22:04:31-07:00,4,4
projects\index.html,18,html,609f761c,two-twentyseven,2026-05-01,22:04:31,-07:00,2026-05-01T22:04:31-07:00,4,15
projects\index.html,19,html,609f761c,two-twentyseven,2026-05-01,22:04:31,-07:00,2026-05-01T22:04:31-07:00,4,11
projects\index.html,20,html,609f761c,two-twentyseven,2026-05-01,22:04:31,-07:00,2026-05-01T22:04:31-07:00,4,26
projects\index.html,21,html,609f761c,two-twentyseven,2026-05-01,22:04:31,-07:00,2026-05-01T22:04:31-07:00,4,33
projects\index.html,22,html,609f761c,two-twentyseven,2026-05-01,22:04:31,-07:00,2026-05-01T22:04:31-07:00,0,0
projects\index.html,23,html,b702473d,two-twentyseven,2026-04-25,22:47:56,-07:00,2026-04-25T22:47:56-07:00,2,20
projects\index.html,24,html,7009d1ed,two-twentyseven,2026-04-11,19:38:28,-07:00,2026-04-11T19:38:28-07:00,2,4
projects\index.html,25,html,144392a0,two-twentyseven,2026-04-04,23:25:11,-07:00,2026-04-04T23:25:11-07:00,0,5
projects\index.html,26,html,144392a0,two-twentyseven,2026-04-04,23:25:11,-07:00,2026-04-04T23:25:11-07:00,0,5
contact\index.html,1,html,144392a0,two-twentyseven,2026-04-04,23:25:11,-07:00,2026-04-04T23:25:11-07:00,0,13
contact\index.html,2,html,144392a0,two-twentyseven,2026-04-04,23:25:11,-07:00,2026-04-04T23:25:11-07:00,0,14
contact\index.html,3,html,144392a0,two-twentyseven,2026-04-04,23:25:11,-07:00,2026-04-04T23:25:11-07:00,0,4
contact\index.html,4,html,144392a0,two-twentyseven,2026-04-04,23:25:11,-07:00,2026-04-04T23:25:11-07:00,2,20
contact\index.html,5,html,144392a0,two-twentyseven,2026-04-04,23:25:11,-07:00,2026-04-04T23:25:11-07:00,2,68
contact\index.html,6,html,144392a0,two-twentyseven,2026-04-04,23:25:11,-07:00,2026-04-04T23:25:11-07:00,2,20
contact\index.html,7,html,7009d1ed,two-twentyseven,2026-04-11,19:38:28,-07:00,2026-04-11T19:38:28-07:00,2,41
contact\index.html,8,html,b702473d,two-twentyseven,2026-04-25,22:47:56,-07:00,2026-04-25T22:47:56-07:00,2,48
contact\index.html,9,html,11ac2ff9,two-twentyseven,2026-04-18,21:59:15,-07:00,2026-04-18T21:59:15-07:00,0,0
contact\index.html,10,html,144392a0,two-twentyseven,2026-04-04,23:25:11,-07:00,2026-04-04T23:25:11-07:00,0,5
contact\index.html,11,html,144392a0,two-twentyseven,2026-04-04,23:25:11,-07:00,2026-04-04T23:25:11-07:00,0,4
contact\index.html,12,html,11ac2ff9,two-twentyseven,2026-04-18,21:59:15,-07:00,2026-04-18T21:59:15-07:00,2,0
contact\index.html,13,html,144392a0,two-twentyseven,2026-04-04,23:25:11,-07:00,2026-04-04T23:25:11-07:00,2,14
contact\index.html,14,html,144392a0,two-twentyseven,2026-04-04,23:25:11,-07:00,2026-04-04T23:25:11-07:00,2,71
contact\index.html,15,html,144392a0,two-twentyseven,2026-04-04,23:25:11,-07:00,2026-04-04T23:25:11-07:00,4,5
contact\index.html,16,html,144392a0,two-twentyseven,2026-04-04,23:25:11,-07:00,2026-04-04T23:25:11-07:00,6,9
contact\index.html,17,html,144392a0,two-twentyseven,2026-04-04,23:25:11,-07:00,2026-04-04T23:25:11-07:00,6,40
contact\index.html,18,html,144392a0,two-twentyseven,2026-04-04,23:25:11,-07:00,2026-04-04T23:25:11-07:00,4,6
contact\index.html,19,html,144392a0,two-twentyseven,2026-04-04,23:25:11,-07:00,2026-04-04T23:25:11-07:00,4,5
contact\index.html,20,html,144392a0,two-twentyseven,2026-04-04,23:25:11,-07:00,2026-04-04T23:25:11-07:00,6,6
contact\index.html,21,html,144392a0,two-twentyseven,2026-04-04,23:25:11,-07:00,2026-04-04T23:25:11-07:00,6,29
contact\index.html,22,html,144392a0,two-twentyseven,2026-04-04,23:25:11,-07:00,2026-04-04T23:25:11-07:00,4,6
contact\index.html,23,html,144392a0,two-twentyseven,2026-04-04,23:25:11,-07:00,2026-04-04T23:25:11-07:00,4,5
contact\index.html,24,html,144392a0,two-twentyseven,2026-04-04,23:25:11,-07:00,2026-04-04T23:25:11-07:00,6,6
contact\index.html,25,html,144392a0,two-twentyseven,2026-04-04,23:25:11,-07:00,2026-04-04T23:25:11-07:00,6,40
contact\index.html,26,html,144392a0,two-twentyseven,2026-04-04,23:25:11,-07:00,2026-04-04T23:25:11-07:00,4,6
contact\index.html,27,html,144392a0,two-twentyseven,2026-04-04,23:25:11,-07:00,2026-04-04T23:25:11-07:00,4,19
contact\index.html,28,html,144392a0,two-twentyseven,2026-04-04,23:25:11,-07:00,2026-04-04T23:25:11-07:00,2,5
contact\index.html,29,html,7009d1ed,two-twentyseven,2026-04-11,19:38:28,-07:00,2026-04-11T19:38:28-07:00,2,0
contact\index.html,30,html,144392a0,two-twentyseven,2026-04-04,23:25:11,-07:00,2026-04-04T23:25:11-07:00,0,5
contact\index.html,31,html,144392a0,two-twentyseven,2026-04-04,23:25:11,-07:00,2026-04-04T23:25:11-07:00,0,5
